{
    "loss": 9.030805587768555,
    "accuracy": 0.7058823704719543
}