{
    "loss": 13.8261137008667,
    "accuracy": 0.5686274766921997
}